ip_address,domain,first_seen,last_seen
139.84.226.214,sa.securetunnels.net,2024-11-17 19:39:00,2025-01-20 04:25:11
139.84.227.202,sa.securetunnels.net,2024-11-17 19:39:00,2025-01-20 04:25:11
139.84.230.239,sa.securetunnels.net,2024-11-17 19:39:00,2025-01-20 04:25:11
185.125.168.247,no.torguard.org,2024-11-17 19:39:00,2025-03-22 20:22:22
185.125.168.248,no.torguard.org,2024-11-17 19:39:00,2025-03-22 20:22:22
185.125.169.24,no.torguard.org,2024-11-17 19:39:00,2024-12-04 04:27:28
185.125.169.25,no.torguard.org,2024-11-17 19:39:00,2025-03-22 20:22:22
185.125.169.26,no.torguard.org,2024-11-17 19:39:00,2025-03-22 20:22:22
185.125.169.27,no.torguard.org,2024-11-17 19:39:00,2024-12-04 04:27:28
185.125.169.29,no.torguard.org,2024-11-17 19:39:00,2025-03-22 20:22:22
185.125.169.30,no.torguard.org,2024-11-17 19:39:00,2025-03-22 20:22:22
185.125.169.31,no.torguard.org,2024-11-17 19:39:00,2025-03-22 20:22:22
185.125.169.32,no.torguard.org,2024-11-17 19:39:00,2025-03-22 20:22:22
185.181.61.151,no.torguard.org,2024-11-17 19:39:00,2024-12-04 04:27:28
185.181.61.36,no.torguard.org,2024-11-17 19:39:00,2024-12-04 04:27:28
185.181.61.37,no.torguard.org,2024-11-17 19:39:00,2025-03-22 20:22:22
185.181.61.39,no.torguard.org,2024-11-17 19:39:00,2025-03-22 20:22:22
185.181.61.40,no.torguard.org,2024-11-17 19:39:00,2024-12-04 04:27:28
107.182.228.102,us-slc.securetunnels.net,2024-11-17 19:39:00,2025-03-17 22:22:10
107.182.228.197,us-slc.securetunnels.net,2024-11-17 19:39:00,2025-03-17 22:22:10
107.182.234.160,us-slc.securetunnels.net,2024-11-17 19:39:00,2025-03-17 22:22:10
107.182.234.161,us-slc.securetunnels.net,2024-11-17 19:39:00,2025-03-17 22:22:10
173.244.208.23,us-slc.securetunnels.net,2024-11-17 19:39:00,2025-03-17 22:22:10
208.131.139.133,us-slc.securetunnels.net,2024-11-17 19:39:00,2025-03-17 22:22:10
208.131.139.141,us-slc.securetunnels.net,2024-11-17 19:39:00,2025-03-17 22:22:10
208.131.139.149,us-slc.securetunnels.net,2024-11-17 19:39:00,2025-03-17 22:22:10
208.131.139.152,us-slc.securetunnels.net,2024-11-17 19:39:00,2025-03-17 22:22:10
208.131.139.218,us-slc.securetunnels.net,2024-11-17 19:39:00,2025-03-17 22:22:10
209.95.32.122,us-slc.securetunnels.net,2024-11-17 19:39:00,2025-03-17 22:22:10
209.95.32.125,us-slc.securetunnels.net,2024-11-17 19:39:00,2024-12-04 04:27:28
209.95.32.126,us-slc.securetunnels.net,2024-11-17 19:39:00,2025-03-17 22:22:10
209.95.56.134,us-slc.securetunnels.net,2024-11-17 19:39:00,2025-03-17 22:22:10
209.95.56.142,us-slc.securetunnels.net,2024-11-17 19:39:00,2025-03-17 22:22:10
67.212.238.215,us-slc.securetunnels.net,2024-11-17 19:39:00,2025-03-17 22:22:10
45.133.180.130,br.torguard.org,2024-11-17 19:39:00,2025-03-22 20:22:22
45.133.180.138,br.torguard.org,2024-11-17 19:39:00,2025-03-22 20:22:22
45.133.180.146,br.torguard.org,2024-11-17 19:39:00,2025-03-22 20:22:22
45.133.180.154,br.torguard.org,2024-11-17 19:39:00,2025-03-22 20:22:22
45.133.180.162,br.torguard.org,2024-11-17 19:39:00,2025-03-22 20:22:22
45.133.180.10,mx.torguard.org,2024-11-17 19:39:00,2025-03-22 20:22:22
45.133.180.18,mx.torguard.org,2024-11-17 19:39:00,2025-03-22 20:22:22
45.133.180.2,mx.torguard.org,2024-11-17 19:39:00,2025-03-22 20:22:22
45.133.180.26,mx.torguard.org,2024-11-17 19:39:00,2025-03-22 20:22:22
45.133.180.34,mx.torguard.org,2024-11-17 19:39:00,2025-03-22 20:22:22
45.133.181.66,tw.securetunnels.net,2024-11-17 19:39:00,2025-03-22 20:22:22
37.120.153.102,swe.torguard.org,2024-11-17 19:39:00,2025-03-22 20:22:22
37.120.153.107,swe.torguard.org,2024-11-17 19:39:00,2024-12-04 04:27:28
37.120.153.12,swe.torguard.org,2024-11-17 19:39:00,2025-03-22 20:22:22
37.120.153.17,swe.torguard.org,2024-11-17 19:39:00,2024-12-04 04:27:28
37.120.153.2,swe.torguard.org,2024-11-17 19:39:00,2025-03-22 20:22:22
37.120.153.22,swe.torguard.org,2024-11-17 19:39:00,2025-03-22 20:22:22
37.120.153.27,swe.torguard.org,2024-11-17 19:39:00,2025-03-22 20:22:22
37.120.153.32,swe.torguard.org,2024-11-17 19:39:00,2025-03-22 20:22:22
37.120.153.37,swe.torguard.org,2024-11-17 19:39:00,2025-03-22 20:22:22
37.120.153.42,swe.torguard.org,2024-11-17 19:39:00,2025-03-22 20:22:22
37.120.153.47,swe.torguard.org,2024-11-17 19:39:00,2025-03-22 20:22:22
37.120.153.52,swe.torguard.org,2024-11-17 19:39:00,2024-12-04 04:27:28
37.120.153.57,swe.torguard.org,2024-11-17 19:39:00,2025-03-22 20:22:22
37.120.153.62,swe.torguard.org,2024-11-17 19:39:00,2024-12-04 04:27:28
37.120.153.67,swe.torguard.org,2024-11-17 19:39:00,2025-03-22 20:22:22
37.120.153.7,swe.torguard.org,2024-11-17 19:39:00,2025-03-22 20:22:22
37.120.153.72,swe.torguard.org,2024-11-17 19:39:00,2025-03-22 20:22:22
37.120.153.77,swe.torguard.org,2024-11-17 19:39:00,2025-03-22 20:22:22
37.120.153.82,swe.torguard.org,2024-11-17 19:39:00,2025-03-22 20:22:22
37.120.153.87,swe.torguard.org,2024-11-17 19:39:00,2025-03-22 20:22:22
37.120.153.92,swe.torguard.org,2024-11-17 19:39:00,2025-03-22 20:22:22
37.120.153.97,swe.torguard.org,2024-11-17 19:39:00,2025-03-22 20:22:22
185.200.116.250,sg.securetunnels.net,2024-11-17 19:39:00,2025-03-22 20:22:22
185.200.117.138,sg.securetunnels.net,2024-11-17 19:39:00,2025-03-17 22:22:10
185.200.117.142,sg.securetunnels.net,2024-11-17 19:39:00,2025-03-22 20:22:22
185.200.117.186,sg.securetunnels.net,2024-11-17 19:39:00,2025-03-22 20:22:22
82.102.25.2,sg.securetunnels.net,2024-11-17 19:39:00,2025-03-22 20:22:22
82.102.25.226,sg.securetunnels.net,2024-11-17 19:39:00,2025-03-17 22:22:10
91.245.253.134,sg.securetunnels.net,2024-11-17 19:39:00,2025-03-22 20:22:22
91.245.253.138,sg.securetunnels.net,2024-11-17 19:39:00,2025-03-22 20:22:22
92.119.178.22,sg.securetunnels.net,2024-11-17 19:39:00,2025-03-22 20:22:22
92.119.178.26,sg.securetunnels.net,2024-11-17 19:39:00,2025-03-22 20:22:22
107.181.189.34,cavan.torguard.org,2024-11-17 19:39:00,2025-03-17 22:22:10
107.181.189.35,cavan.torguard.org,2024-11-17 19:39:00,2025-03-17 22:22:10
107.181.189.36,cavan.torguard.org,2024-11-17 19:39:00,2025-03-17 22:22:10
107.181.189.37,cavan.torguard.org,2024-11-17 19:39:00,2025-03-17 22:22:10
107.181.189.38,cavan.torguard.org,2024-11-17 19:39:00,2024-12-04 04:27:28
107.181.189.39,cavan.torguard.org,2024-11-17 19:39:00,2025-03-17 22:22:10
107.181.189.40,cavan.torguard.org,2024-11-17 19:39:00,2024-12-04 04:27:28
107.181.189.41,cavan.torguard.org,2024-11-17 19:39:00,2025-03-17 22:22:10
107.181.189.42,cavan.torguard.org,2024-11-17 19:39:00,2025-03-17 22:22:10
107.181.189.43,cavan.torguard.org,2024-11-17 19:39:00,2025-03-17 22:22:10
107.181.189.44,cavan.torguard.org,2024-11-17 19:39:00,2025-03-17 22:22:10
107.181.189.45,cavan.torguard.org,2024-11-17 19:39:00,2025-03-17 22:22:10
107.181.189.46,cavan.torguard.org,2024-11-17 19:39:00,2025-03-17 22:22:10
107.181.189.47,cavan.torguard.org,2024-11-17 19:39:00,2025-03-17 22:22:10
107.181.189.48,cavan.torguard.org,2024-11-17 19:39:00,2025-03-17 22:22:10
185.104.186.2,bg.torguard.org,2024-11-17 19:39:00,2024-12-04 04:27:28
185.232.21.210,bg.torguard.org,2024-11-17 19:39:00,2025-03-22 20:22:22
185.232.21.242,bg.torguard.org,2024-11-17 19:39:00,2025-03-22 20:22:22
185.232.21.250,bg.torguard.org,2024-11-17 19:39:00,2025-03-22 20:22:22
185.232.21.34,bg.torguard.org,2024-11-17 19:39:00,2025-03-22 20:22:22
185.232.21.42,bg.torguard.org,2024-11-17 19:39:00,2025-03-22 20:22:22
194.187.251.34,bg.torguard.org,2024-11-17 19:39:00,2024-12-04 04:27:28
89.249.73.130,bg.torguard.org,2024-11-17 19:39:00,2025-03-22 20:22:22
89.249.73.162,bg.torguard.org,2024-11-17 19:39:00,2024-12-04 04:27:28
89.249.73.170,bg.torguard.org,2024-11-17 19:39:00,2024-12-04 04:27:28
89.249.73.250,bg.torguard.org,2024-11-17 19:39:00,2025-03-22 20:22:22
94.46.179.65,pg.securetunnels.net,2024-11-17 19:39:00,2024-12-04 04:27:28
94.46.179.70,pg.securetunnels.net,2024-11-17 19:39:00,2025-03-22 20:22:22
94.46.179.80,pg.securetunnels.net,2024-11-17 19:39:00,2025-03-22 20:22:22
37.120.156.170,pl.securetunnels.net,2024-11-17 19:39:00,2025-03-22 20:22:22
37.120.156.178,pl.securetunnels.net,2024-11-17 19:39:00,2025-03-22 20:22:22
37.120.156.186,pl.securetunnels.net,2024-11-17 19:39:00,2025-03-22 20:22:22
37.120.156.194,pl.securetunnels.net,2024-11-17 19:39:00,2025-03-22 20:22:22
37.120.156.202,pl.securetunnels.net,2024-11-17 19:39:00,2025-03-22 20:22:22
193.235.146.104,ch.torguard.org,2024-11-17 19:39:00,2025-03-22 20:22:22
37.235.52.19,ch.torguard.org,2024-11-17 19:39:00,2025-03-22 20:22:22
37.235.52.64,ch.torguard.org,2024-11-17 19:39:00,2025-03-22 20:22:22
146.70.76.106,jp.torguard.org,2024-11-17 19:39:00,2025-03-22 20:22:22
146.70.76.114,jp.torguard.org,2024-11-17 19:39:00,2025-03-22 20:22:22
146.70.76.58,jp.torguard.org,2024-11-17 19:39:00,2025-03-22 20:22:22
146.70.76.66,jp.torguard.org,2024-11-17 19:39:00,2025-03-22 20:22:22
146.70.76.74,jp.torguard.org,2024-11-17 19:39:00,2025-03-22 20:22:22
146.70.76.82,jp.torguard.org,2024-11-17 19:39:00,2024-12-04 04:27:28
146.70.76.90,jp.torguard.org,2024-11-17 19:39:00,2025-03-22 20:22:22
146.70.76.98,jp.torguard.org,2024-11-17 19:39:00,2025-03-22 20:22:22
91.132.197.186,fn.torguard.org,2024-11-17 19:39:00,2025-03-22 20:22:22
91.132.197.188,fn.torguard.org,2024-11-17 19:39:00,2025-03-22 20:22:22
91.132.197.192,fn.torguard.org,2024-11-17 19:39:00,2025-03-22 20:22:22
195.248.234.146,ukr.secretgate.net,2024-11-17 19:39:00,2025-03-22 20:22:22
178.175.131.106,md.securetunnels.net,2024-11-17 19:39:00,2025-03-22 20:22:22
178.175.131.114,md.securetunnels.net,2024-11-17 19:39:00,2025-03-22 20:22:22
109.207.76.147,isr-loc2.securetunnels.net,2024-11-17 19:39:00,2025-03-22 20:22:22
185.28.154.98,isr-loc2.securetunnels.net,2024-11-17 19:39:00,2025-03-22 20:22:22
91.202.169.7,isr-loc2.securetunnels.net,2024-11-17 19:39:00,2025-03-22 20:22:22
199.229.250.106,us-sa.torguard.org,2024-11-17 19:39:00,2025-03-17 22:22:10
199.229.250.114,us-sa.torguard.org,2024-11-17 19:39:00,2025-03-17 22:22:10
199.229.250.118,us-sa.torguard.org,2024-11-17 19:39:00,2025-03-17 22:22:10
199.229.250.122,us-sa.torguard.org,2024-11-17 19:39:00,2024-12-04 04:27:28
199.229.250.130,us-sa.torguard.org,2024-11-17 19:39:00,2025-03-17 22:22:10
199.229.250.131,us-sa.torguard.org,2024-11-17 19:39:00,2025-03-17 22:22:10
199.229.250.133,us-sa.torguard.org,2024-11-17 19:39:00,2024-12-04 04:27:28
199.229.250.134,us-sa.torguard.org,2024-11-17 19:39:00,2024-12-04 04:27:28
199.229.250.135,us-sa.torguard.org,2024-11-17 19:39:00,2025-03-17 22:22:10
199.229.250.136,us-sa.torguard.org,2024-11-17 19:39:00,2025-03-17 22:22:10
199.229.250.137,us-sa.torguard.org,2024-11-17 19:39:00,2025-03-17 22:22:10
199.229.250.138,us-sa.torguard.org,2024-11-17 19:39:00,2025-03-17 22:22:10
199.229.250.140,us-sa.torguard.org,2024-11-17 19:39:00,2025-03-17 22:22:10
199.229.250.142,us-sa.torguard.org,2024-11-17 19:39:00,2025-03-17 22:22:10
199.229.250.144,us-sa.torguard.org,2024-11-17 19:39:00,2025-03-17 22:22:10
199.229.250.146,us-sa.torguard.org,2024-11-17 19:39:00,2024-12-04 04:27:28
199.229.250.149,us-sa.torguard.org,2024-11-17 19:39:00,2025-03-17 22:22:10
199.229.250.34,us-sa.torguard.org,2024-11-17 19:39:00,2024-12-04 04:27:28
199.229.250.38,us-sa.torguard.org,2024-11-17 19:39:00,2025-03-17 22:22:10
199.229.250.42,us-sa.torguard.org,2024-11-17 19:39:00,2025-03-17 22:22:10
199.229.250.66,us-sa.torguard.org,2024-11-17 19:39:00,2025-03-17 22:22:10
199.229.250.74,us-sa.torguard.org,2024-11-17 19:39:00,2024-12-04 04:27:28
199.229.250.78,us-sa.torguard.org,2024-11-17 19:39:00,2025-03-17 22:22:10
199.229.250.82,us-sa.torguard.org,2024-11-17 19:39:00,2025-03-17 22:22:10
199.229.250.86,us-sa.torguard.org,2024-11-17 19:39:00,2025-03-17 22:22:10
199.229.250.90,us-sa.torguard.org,2024-11-17 19:39:00,2025-03-17 22:22:10
199.229.250.94,us-sa.torguard.org,2024-11-17 19:39:00,2025-03-17 22:22:10
199.229.250.98,us-sa.torguard.org,2024-11-17 19:39:00,2025-03-17 22:22:10
139.28.216.218,us-la.torguard.org,2024-11-17 19:39:00,2025-03-22 20:22:22
139.28.216.74,us-la.torguard.org,2024-11-17 19:39:00,2025-03-22 20:22:22
146.70.49.10,us-la.torguard.org,2024-11-17 19:39:00,2025-03-22 20:22:22
146.70.49.106,us-la.torguard.org,2024-11-17 19:39:00,2025-03-22 20:22:22
146.70.49.114,us-la.torguard.org,2024-11-17 19:39:00,2025-03-17 22:22:10
146.70.49.18,us-la.torguard.org,2024-11-17 19:39:00,2025-03-22 20:22:22
146.70.49.2,us-la.torguard.org,2024-11-17 19:39:00,2025-03-22 20:22:22
146.70.49.26,us-la.torguard.org,2024-11-17 19:39:00,2025-03-22 20:22:22
146.70.49.34,us-la.torguard.org,2024-11-17 19:39:00,2025-03-22 20:22:22
146.70.49.42,us-la.torguard.org,2024-11-17 19:39:00,2025-03-22 20:22:22
146.70.49.50,us-la.torguard.org,2024-11-17 19:39:00,2025-03-17 22:22:10
146.70.49.58,us-la.torguard.org,2024-11-17 19:39:00,2025-03-22 20:22:22
146.70.49.66,us-la.torguard.org,2024-11-17 19:39:00,2025-03-22 20:22:22
146.70.49.74,us-la.torguard.org,2024-11-17 19:39:00,2025-03-22 20:22:22
146.70.49.82,us-la.torguard.org,2024-11-17 19:39:00,2025-03-22 20:22:22
146.70.49.90,us-la.torguard.org,2024-11-17 19:39:00,2025-03-17 22:22:10
146.70.49.98,us-la.torguard.org,2024-11-17 19:39:00,2025-03-22 20:22:22
185.253.161.186,us-la.torguard.org,2024-11-17 19:39:00,2025-03-22 20:22:22
217.138.217.2,us-la.torguard.org,2024-11-17 19:39:00,2025-03-22 20:22:22
37.120.147.130,us-la.torguard.org,2024-11-17 19:39:00,2025-03-22 20:22:22
37.120.214.114,us-la.torguard.org,2024-11-17 19:39:00,2025-03-22 20:22:22
37.120.214.122,us-la.torguard.org,2024-11-17 19:39:00,2025-03-22 20:22:22
91.219.212.242,us-la.torguard.org,2024-11-17 19:39:00,2025-03-22 20:22:22
91.219.212.250,us-la.torguard.org,2024-11-17 19:39:00,2025-03-17 22:22:10
185.45.14.122,ro.securetunnels.net,2024-11-17 19:39:00,2024-12-04 04:27:28
185.45.14.250,ro.securetunnels.net,2024-11-17 19:39:00,2024-12-04 04:27:28
185.45.15.106,ro.securetunnels.net,2024-11-17 19:39:00,2025-03-22 20:22:22
194.59.248.202,ro.securetunnels.net,2024-11-17 19:39:00,2025-03-22 20:22:22
194.59.248.210,ro.securetunnels.net,2024-11-17 19:39:00,2024-12-04 04:27:28
31.14.252.146,ro.securetunnels.net,2024-11-17 19:39:00,2025-03-22 20:22:22
31.14.252.178,ro.securetunnels.net,2024-11-17 19:39:00,2025-03-22 20:22:22
31.14.252.18,ro.securetunnels.net,2024-11-17 19:39:00,2024-12-04 04:27:28
31.14.252.90,ro.securetunnels.net,2024-11-17 19:39:00,2025-03-22 20:22:22
89.40.71.106,ro.securetunnels.net,2024-11-17 19:39:00,2025-03-22 20:22:22
89.46.103.106,ro.securetunnels.net,2024-11-17 19:39:00,2025-03-22 20:22:22
93.120.27.162,ro.securetunnels.net,2024-11-17 19:39:00,2025-03-22 20:22:22
185.236.201.210,swiss.securetunnels.net,2024-11-17 19:39:00,2025-03-22 20:22:22
185.236.201.215,swiss.securetunnels.net,2024-11-17 19:39:00,2025-03-22 20:22:22
195.206.105.12,swiss.securetunnels.net,2024-11-17 19:39:00,2025-03-22 20:22:22
195.206.105.17,swiss.securetunnels.net,2024-11-17 19:39:00,2025-03-22 20:22:22
195.206.105.2,swiss.securetunnels.net,2024-11-17 19:39:00,2025-03-22 20:22:22
195.206.105.22,swiss.securetunnels.net,2024-11-17 19:39:00,2025-03-22 20:22:22
195.206.105.27,swiss.securetunnels.net,2024-11-17 19:39:00,2025-03-22 20:22:22
195.206.105.32,swiss.securetunnels.net,2024-11-17 19:39:00,2025-03-22 20:22:22
195.206.105.37,swiss.securetunnels.net,2024-11-17 19:39:00,2025-03-22 20:22:22
195.206.105.42,swiss.securetunnels.net,2024-11-17 19:39:00,2025-03-22 20:22:22
195.206.105.47,swiss.securetunnels.net,2024-11-17 19:39:00,2025-03-22 20:22:22
195.206.105.52,swiss.securetunnels.net,2024-11-17 19:39:00,2025-03-22 20:22:22
195.206.105.57,swiss.securetunnels.net,2024-11-17 19:39:00,2025-03-22 20:22:22
195.206.105.7,swiss.securetunnels.net,2024-11-17 19:39:00,2025-03-22 20:22:22
217.138.203.154,swiss.securetunnels.net,2024-11-17 19:39:00,2024-12-04 04:27:28
217.138.203.242,swiss.securetunnels.net,2024-11-17 19:39:00,2025-03-22 20:22:22
185.189.115.103,cz.torguard.org,2024-11-17 19:39:00,2025-03-22 20:22:22
185.189.115.108,cz.torguard.org,2024-11-17 19:39:00,2025-03-22 20:22:22
185.189.115.113,cz.torguard.org,2024-11-17 19:39:00,2024-12-04 04:27:28
185.189.115.118,cz.torguard.org,2024-11-17 19:39:00,2025-03-22 20:22:22
185.189.115.98,cz.torguard.org,2024-11-17 19:39:00,2025-03-22 20:22:22
37.120.155.10,aus.torguard.org,2024-11-17 19:39:00,2025-03-22 20:22:22
37.120.155.18,aus.torguard.org,2024-11-17 19:39:00,2025-03-22 20:22:22
37.120.155.2,aus.torguard.org,2024-11-17 19:39:00,2025-03-22 20:22:22
37.120.155.26,aus.torguard.org,2024-11-17 19:39:00,2025-03-22 20:22:22
37.120.155.34,aus.torguard.org,2024-11-17 19:39:00,2025-03-22 20:22:22
193.56.253.114,au.torguard.org,2024-11-17 19:39:00,2024-12-04 04:27:28
193.56.253.130,au.torguard.org,2024-11-17 19:39:00,2025-03-22 20:22:22
193.56.253.18,au.torguard.org,2024-11-17 19:39:00,2025-03-22 20:22:22
193.56.253.34,au.torguard.org,2024-11-17 19:39:00,2025-03-22 20:22:22
193.56.253.50,au.torguard.org,2024-11-17 19:39:00,2025-03-22 20:22:22
193.56.253.66,au.torguard.org,2024-11-17 19:39:00,2025-03-22 20:22:22
193.56.253.82,au.torguard.org,2024-11-17 19:39:00,2025-03-22 20:22:22
193.56.253.98,au.torguard.org,2024-11-17 19:39:00,2025-03-22 20:22:22
217.138.205.106,au.torguard.org,2024-11-17 19:39:00,2024-12-04 04:27:28
217.138.205.114,au.torguard.org,2024-11-17 19:39:00,2025-03-22 20:22:22
217.138.205.202,au.torguard.org,2024-11-17 19:39:00,2025-03-22 20:22:22
217.138.205.210,au.torguard.org,2024-11-17 19:39:00,2025-03-22 20:22:22
217.138.205.218,au.torguard.org,2024-11-17 19:39:00,2025-03-22 20:22:22
217.138.205.98,au.torguard.org,2024-11-17 19:39:00,2025-03-22 20:22:22
93.115.35.106,au.torguard.org,2024-11-17 19:39:00,2025-03-22 20:22:22
93.115.35.114,au.torguard.org,2024-11-17 19:39:00,2025-03-17 22:22:10
93.115.35.122,au.torguard.org,2024-11-17 19:39:00,2024-12-04 04:27:28
93.115.35.130,au.torguard.org,2024-11-17 19:39:00,2024-12-04 04:27:28
93.115.35.138,au.torguard.org,2024-11-17 19:39:00,2024-12-04 04:27:28
93.115.35.146,au.torguard.org,2024-11-17 19:39:00,2025-03-22 20:22:22
93.115.35.154,au.torguard.org,2024-11-17 19:39:00,2025-03-22 20:22:22
93.115.35.98,au.torguard.org,2024-11-17 19:39:00,2024-12-04 04:27:28
45.133.192.210,ice.securetunnels.net,2024-11-17 19:39:00,2025-03-17 22:22:10
45.133.192.214,ice.securetunnels.net,2024-11-17 19:39:00,2024-12-04 04:27:28
45.133.192.218,ice.securetunnels.net,2024-11-17 19:39:00,2025-03-22 20:22:22
45.133.192.226,ice.securetunnels.net,2024-11-17 19:39:00,2025-03-22 20:22:22
45.133.192.230,ice.securetunnels.net,2024-11-17 19:39:00,2025-03-22 20:22:22
45.133.192.234,ice.securetunnels.net,2024-11-17 19:39:00,2025-03-22 20:22:22
45.133.192.250,ice.securetunnels.net,2024-11-17 19:39:00,2024-12-04 04:27:28
45.133.192.254,ice.securetunnels.net,2024-11-17 19:39:00,2024-12-04 04:27:28
67.213.221.10,us-ny.torguard.org,2024-11-17 19:39:00,2025-03-17 22:22:10
67.213.221.11,us-ny.torguard.org,2024-11-17 19:39:00,2025-03-17 22:22:10
67.213.221.12,us-ny.torguard.org,2024-11-17 19:39:00,2025-03-17 22:22:10
67.213.221.14,us-ny.torguard.org,2024-11-17 19:39:00,2025-03-17 22:22:10
67.213.221.15,us-ny.torguard.org,2024-11-17 19:39:00,2025-03-17 22:22:10
67.213.221.16,us-ny.torguard.org,2024-11-17 19:39:00,2025-03-17 22:22:10
67.213.221.17,us-ny.torguard.org,2024-11-17 19:39:00,2025-03-17 22:22:10
67.213.221.18,us-ny.torguard.org,2024-11-17 19:39:00,2025-03-17 22:22:10
67.213.221.19,us-ny.torguard.org,2024-11-17 19:39:00,2025-03-17 22:22:10
67.213.221.20,us-ny.torguard.org,2024-11-17 19:39:00,2025-03-17 22:22:10
67.213.221.22,us-ny.torguard.org,2024-11-17 19:39:00,2025-03-17 22:22:10
67.213.221.23,us-ny.torguard.org,2024-11-17 19:39:00,2025-03-17 22:22:10
67.213.221.24,us-ny.torguard.org,2024-11-17 19:39:00,2025-03-17 22:22:10
67.213.221.25,us-ny.torguard.org,2024-11-17 19:39:00,2025-03-17 22:22:10
67.213.221.26,us-ny.torguard.org,2024-11-17 19:39:00,2025-03-17 22:22:10
67.213.221.27,us-ny.torguard.org,2024-11-17 19:39:00,2025-03-17 22:22:10
67.213.221.4,us-ny.torguard.org,2024-11-17 19:39:00,2025-03-17 22:22:10
67.213.221.5,us-ny.torguard.org,2024-11-17 19:39:00,2025-03-17 22:22:10
67.213.221.6,us-ny.torguard.org,2024-11-17 19:39:00,2025-03-17 22:22:10
67.213.221.7,us-ny.torguard.org,2024-11-17 19:39:00,2025-03-17 22:22:10
67.213.221.8,us-ny.torguard.org,2024-11-17 19:39:00,2025-03-17 22:22:10
67.213.221.9,us-ny.torguard.org,2024-11-17 19:39:00,2025-03-17 22:22:10
45.92.33.10,gre.torguard.org,2024-11-17 19:39:00,2025-03-22 20:22:22
45.92.33.18,gre.torguard.org,2024-11-17 19:39:00,2024-12-04 04:27:28
45.92.33.2,gre.torguard.org,2024-11-17 19:39:00,2025-03-22 20:22:22
45.133.181.42,id.torguard.org,2024-11-17 19:39:00,2025-03-22 20:22:22
45.133.181.46,id.torguard.org,2024-11-17 19:39:00,2025-03-22 20:22:22
45.133.181.50,id.torguard.org,2024-11-17 19:39:00,2025-03-22 20:22:22
192.119.14.162,us-nj-loc2.torguard.org,2024-11-17 19:39:00,2025-03-22 20:22:22
192.119.14.170,us-nj-loc2.torguard.org,2024-11-17 19:39:00,2025-03-22 20:22:22
192.119.14.226,us-nj-loc2.torguard.org,2024-11-17 19:39:00,2025-03-22 20:22:22
198.147.27.154,us-nj-loc2.torguard.org,2024-11-17 19:39:00,2025-03-22 20:22:22
85.239.41.33,cy.securetunnels.net,2024-11-17 19:39:00,2025-03-22 20:22:22
85.239.41.99,cy.securetunnels.net,2024-11-17 19:39:00,2025-03-22 20:22:22
185.70.198.12,pl.secretgate.net,2024-11-17 19:39:00,2025-03-22 20:22:22
185.70.198.27,pl.secretgate.net,2024-11-17 19:39:00,2025-03-22 20:22:22
64.44.147.114,us-dal-loc2.torguard.org,2024-11-17 19:39:00,2025-03-22 20:22:22
64.44.147.122,us-dal-loc2.torguard.org,2024-11-17 19:39:00,2025-03-22 20:22:22
64.44.147.98,us-dal-loc2.torguard.org,2024-11-17 19:39:00,2025-03-22 20:22:22
193.239.84.106,uk.man.securetunnels.net,2024-11-17 19:39:00,2025-03-22 20:22:22
217.64.114.162,uk.man.securetunnels.net,2024-11-17 19:39:00,2025-03-22 20:22:22
217.64.114.170,uk.man.securetunnels.net,2024-11-17 19:39:00,2025-03-22 20:22:22
217.64.114.178,uk.man.securetunnels.net,2024-11-17 19:39:00,2025-03-22 20:22:22
217.64.114.186,uk.man.securetunnels.net,2024-11-17 19:39:00,2025-03-22 20:22:22
37.120.233.178,uk.man.securetunnels.net,2024-11-17 19:39:00,2025-03-22 20:22:22
37.120.233.186,uk.man.securetunnels.net,2024-11-17 19:39:00,2025-03-22 20:22:22
37.120.233.226,uk.man.securetunnels.net,2024-11-17 19:39:00,2025-03-22 20:22:22
86.107.104.106,hk.torguard.org,2024-11-17 19:39:00,2024-12-04 04:27:28
86.107.104.82,hk.torguard.org,2024-11-17 19:39:00,2024-12-04 04:27:28
86.107.104.90,hk.torguard.org,2024-11-17 19:39:00,2024-12-04 04:27:28
86.107.104.98,hk.torguard.org,2024-11-17 19:39:00,2024-12-04 04:27:28
89.45.6.18,hk.torguard.org,2024-11-17 19:39:00,2024-12-04 04:27:28
89.45.6.202,hk.torguard.org,2024-11-17 19:39:00,2024-12-04 04:27:28
89.45.6.210,hk.torguard.org,2024-11-17 19:39:00,2024-12-04 04:27:28
89.45.6.218,hk.torguard.org,2024-11-17 19:39:00,2025-03-22 20:22:22
89.45.6.226,hk.torguard.org,2024-11-17 19:39:00,2025-03-22 20:22:22
89.45.6.234,hk.torguard.org,2024-11-17 19:39:00,2025-03-22 20:22:22
146.70.142.10,in.securetunnels.net,2024-11-17 19:39:00,2025-03-22 20:22:22
146.70.142.34,in.securetunnels.net,2024-11-17 19:39:00,2025-03-22 20:22:22
146.70.142.42,in.securetunnels.net,2024-11-17 19:39:00,2025-03-22 20:22:22
45.9.249.158,uae.securetunnels.net,2024-11-17 19:39:00,2025-03-22 20:22:22
45.9.249.238,uae.securetunnels.net,2024-11-17 19:39:00,2025-03-22 20:22:22
45.9.250.10,uae.securetunnels.net,2024-11-17 19:39:00,2025-03-22 20:22:22
146.70.50.10,us-dal.securetunnels.net,2024-11-17 19:39:00,2025-03-22 20:22:22
146.70.50.106,us-dal.securetunnels.net,2024-11-17 19:39:00,2025-03-22 20:22:22
146.70.50.114,us-dal.securetunnels.net,2024-11-17 19:39:00,2025-03-22 20:22:22
146.70.50.122,us-dal.securetunnels.net,2024-11-17 19:39:00,2025-03-22 20:22:22
146.70.50.130,us-dal.securetunnels.net,2024-11-17 19:39:00,2025-03-22 20:22:22
146.70.50.138,us-dal.securetunnels.net,2024-11-17 19:39:00,2025-03-22 20:22:22
146.70.50.146,us-dal.securetunnels.net,2024-11-17 19:39:00,2025-03-22 20:22:22
146.70.50.154,us-dal.securetunnels.net,2024-11-17 19:39:00,2025-03-22 20:22:22
146.70.50.162,us-dal.securetunnels.net,2024-11-17 19:39:00,2025-03-22 20:22:22
146.70.50.170,us-dal.securetunnels.net,2024-11-17 19:39:00,2025-03-22 20:22:22
146.70.50.178,us-dal.securetunnels.net,2024-11-17 19:39:00,2025-03-22 20:22:22
146.70.50.18,us-dal.securetunnels.net,2024-11-17 19:39:00,2025-03-22 20:22:22
146.70.50.186,us-dal.securetunnels.net,2024-11-17 19:39:00,2025-03-22 20:22:22
146.70.50.194,us-dal.securetunnels.net,2024-11-17 19:39:00,2025-03-22 20:22:22
146.70.50.2,us-dal.securetunnels.net,2024-11-17 19:39:00,2025-03-22 20:22:22
146.70.50.26,us-dal.securetunnels.net,2024-11-17 19:39:00,2025-03-22 20:22:22
146.70.50.34,us-dal.securetunnels.net,2024-11-17 19:39:00,2025-03-22 20:22:22
146.70.50.42,us-dal.securetunnels.net,2024-11-17 19:39:00,2025-03-22 20:22:22
146.70.50.50,us-dal.securetunnels.net,2024-11-17 19:39:00,2025-03-22 20:22:22
146.70.50.58,us-dal.securetunnels.net,2024-11-17 19:39:00,2025-03-22 20:22:22
146.70.50.66,us-dal.securetunnels.net,2024-11-17 19:39:00,2025-03-22 20:22:22
146.70.50.74,us-dal.securetunnels.net,2024-11-17 19:39:00,2025-03-22 20:22:22
146.70.50.82,us-dal.securetunnels.net,2024-11-17 19:39:00,2025-03-22 20:22:22
146.70.50.90,us-dal.securetunnels.net,2024-11-17 19:39:00,2025-03-22 20:22:22
146.70.50.98,us-dal.securetunnels.net,2024-11-17 19:39:00,2025-03-22 20:22:22
64.44.147.106,us-dal.securetunnels.net,2024-11-17 19:39:00,2025-03-22 20:22:22
37.120.144.106,hg.securetunnels.net,2024-11-17 19:39:00,2025-03-22 20:22:22
37.120.144.98,hg.securetunnels.net,2024-11-17 19:39:00,2025-03-22 20:22:22
138.68.189.35,uk.secretgate.net,2024-11-17 19:39:00,2025-03-17 22:22:10
139.59.162.85,uk.secretgate.net,2024-11-17 19:39:00,2025-03-22 20:22:22
82.102.23.170,bul.securetunnels.net,2024-11-17 19:39:00,2024-12-04 04:27:28
82.102.23.178,bul.securetunnels.net,2024-11-17 19:39:00,2025-03-22 20:22:22
82.102.23.186,bul.securetunnels.net,2024-11-17 19:39:00,2025-03-22 20:22:22
82.102.23.194,bul.securetunnels.net,2024-11-17 19:39:00,2024-12-04 04:27:28
82.102.23.202,bul.securetunnels.net,2024-11-17 19:39:00,2025-03-22 20:22:22
82.102.23.210,bul.securetunnels.net,2024-11-17 19:39:00,2024-12-04 04:27:28
82.102.23.218,bul.securetunnels.net,2024-11-17 19:39:00,2024-12-04 04:27:28
146.70.137.106,ca.securetunnels.net,2024-11-17 19:39:00,2025-03-22 20:22:22
146.70.137.114,ca.securetunnels.net,2024-11-17 19:39:00,2025-03-22 20:22:22
146.70.137.122,ca.securetunnels.net,2024-11-17 19:39:00,2025-03-22 20:22:22
146.70.137.130,ca.securetunnels.net,2024-11-17 19:39:00,2025-03-22 20:22:22
146.70.137.138,ca.securetunnels.net,2024-11-17 19:39:00,2025-03-22 20:22:22
146.70.137.146,ca.securetunnels.net,2024-11-17 19:39:00,2025-03-22 20:22:22
146.70.137.154,ca.securetunnels.net,2024-11-17 19:39:00,2025-03-22 20:22:22
146.70.137.18,ca.securetunnels.net,2024-11-17 19:39:00,2025-03-22 20:22:22
146.70.137.194,ca.securetunnels.net,2024-11-17 19:39:00,2025-03-22 20:22:22
146.70.137.2,ca.securetunnels.net,2024-11-17 19:39:00,2025-03-22 20:22:22
146.70.137.210,ca.securetunnels.net,2024-11-17 19:39:00,2025-03-22 20:22:22
146.70.137.218,ca.securetunnels.net,2024-11-17 19:39:00,2025-03-22 20:22:22
146.70.137.226,ca.securetunnels.net,2024-11-17 19:39:00,2025-03-22 20:22:22
146.70.137.34,ca.securetunnels.net,2024-11-17 19:39:00,2025-03-22 20:22:22
146.70.137.42,ca.securetunnels.net,2024-11-17 19:39:00,2025-03-22 20:22:22
146.70.137.50,ca.securetunnels.net,2024-11-17 19:39:00,2025-03-22 20:22:22
146.70.137.58,ca.securetunnels.net,2024-11-17 19:39:00,2025-03-22 20:22:22
146.70.137.66,ca.securetunnels.net,2024-11-17 19:39:00,2025-03-22 20:22:22
146.70.137.74,ca.securetunnels.net,2024-11-17 19:39:00,2025-03-22 20:22:22
146.70.137.82,ca.securetunnels.net,2024-11-17 19:39:00,2025-03-22 20:22:22
146.70.137.90,ca.securetunnels.net,2024-11-17 19:39:00,2025-03-22 20:22:22
146.70.137.98,ca.securetunnels.net,2024-11-17 19:39:00,2025-03-22 20:22:22
185.191.204.154,isr-loc1.securetunnels.net,2024-11-17 19:39:00,2025-03-22 20:22:22
185.191.204.155,isr-loc1.securetunnels.net,2024-11-17 19:39:00,2025-03-22 20:22:22
185.128.27.106,it.securetunnels.net,2024-11-17 19:39:00,2025-03-22 20:22:22
192.145.127.190,it.securetunnels.net,2024-11-17 19:39:00,2025-03-22 20:22:22
45.9.251.14,it.securetunnels.net,2024-11-17 19:39:00,2025-03-22 20:22:22
45.9.251.178,it.securetunnels.net,2024-11-17 19:39:00,2025-03-22 20:22:22
45.9.251.182,it.securetunnels.net,2024-11-17 19:39:00,2025-03-22 20:22:22
202.129.16.104,th.torguard.org,2024-11-17 19:39:00,2024-12-04 04:27:28
202.129.16.106,th.torguard.org,2024-11-17 19:39:00,2025-03-22 20:22:22
202.129.16.140,th.torguard.org,2024-11-17 19:39:00,2025-03-22 20:22:22
202.129.16.143,th.torguard.org,2024-11-17 19:39:00,2024-12-04 04:27:28
202.129.16.42,th.torguard.org,2024-11-17 19:39:00,2025-03-22 20:22:22
108.181.51.143,sk.securetunnels.net,2024-11-17 19:39:00,2024-12-04 04:27:28
108.181.51.203,sk.securetunnels.net,2024-11-17 19:39:00,2024-12-04 04:27:28
108.181.51.205,sk.securetunnels.net,2024-11-17 19:39:00,2025-03-22 20:22:22
108.181.51.226,sk.securetunnels.net,2024-11-17 19:39:00,2025-03-22 20:22:22
108.181.52.111,sk.securetunnels.net,2024-11-17 19:39:00,2024-12-04 04:27:28
209.205.204.202,camtl.securetunnels.net,2024-11-17 19:39:00,2025-03-22 20:22:22
209.205.204.210,camtl.securetunnels.net,2024-11-17 19:39:00,2025-03-22 20:22:22
209.205.204.218,camtl.securetunnels.net,2024-11-17 19:39:00,2025-03-22 20:22:22
185.245.84.74,dn.torguard.org,2024-11-17 19:39:00,2025-03-22 20:22:22
2.58.46.138,dn.torguard.org,2024-11-17 19:39:00,2025-03-22 20:22:22
2.58.46.146,dn.torguard.org,2024-11-17 19:39:00,2025-03-22 20:22:22
2.58.46.154,dn.torguard.org,2024-11-17 19:39:00,2025-03-22 20:22:22
2.58.46.162,dn.torguard.org,2024-11-17 19:39:00,2024-12-04 04:27:28
2.58.46.170,dn.torguard.org,2024-11-17 19:39:00,2024-12-04 04:27:28
2.58.46.178,dn.torguard.org,2024-11-17 19:39:00,2025-03-22 20:22:22
45.12.221.10,dn.torguard.org,2024-11-17 19:39:00,2024-12-04 04:27:28
45.12.221.18,dn.torguard.org,2024-11-17 19:39:00,2025-03-22 20:22:22
45.12.221.2,dn.torguard.org,2024-11-17 19:39:00,2025-03-22 20:22:22
45.12.221.26,dn.torguard.org,2024-11-17 19:39:00,2025-03-22 20:22:22
45.12.221.34,dn.torguard.org,2024-11-17 19:39:00,2025-03-22 20:22:22
45.12.221.42,dn.torguard.org,2024-11-17 19:39:00,2025-03-22 20:22:22
146.70.51.10,us-fl.securetunnels.net,2024-11-17 19:39:00,2025-03-22 20:22:22
146.70.51.106,us-fl.securetunnels.net,2024-11-17 19:39:00,2025-03-22 20:22:22
146.70.51.114,us-fl.securetunnels.net,2024-11-17 19:39:00,2025-03-22 20:22:22
146.70.51.122,us-fl.securetunnels.net,2024-11-17 19:39:00,2025-03-22 20:22:22
146.70.51.130,us-fl.securetunnels.net,2024-11-17 19:39:00,2025-03-22 20:22:22
146.70.51.138,us-fl.securetunnels.net,2024-11-17 19:39:00,2025-03-17 22:22:10
146.70.51.146,us-fl.securetunnels.net,2024-11-17 19:39:00,2025-03-17 22:22:10
146.70.51.154,us-fl.securetunnels.net,2024-11-17 19:39:00,2025-03-22 20:22:22
146.70.51.162,us-fl.securetunnels.net,2024-11-17 19:39:00,2025-03-22 20:22:22
146.70.51.170,us-fl.securetunnels.net,2024-11-17 19:39:00,2025-03-22 20:22:22
146.70.51.178,us-fl.securetunnels.net,2024-11-17 19:39:00,2025-03-22 20:22:22
146.70.51.18,us-fl.securetunnels.net,2024-11-17 19:39:00,2025-03-22 20:22:22
146.70.51.186,us-fl.securetunnels.net,2024-11-17 19:39:00,2025-03-17 22:22:10
146.70.51.194,us-fl.securetunnels.net,2024-11-17 19:39:00,2025-03-22 20:22:22
146.70.51.2,us-fl.securetunnels.net,2024-11-17 19:39:00,2025-03-22 20:22:22
146.70.51.26,us-fl.securetunnels.net,2024-11-17 19:39:00,2025-03-22 20:22:22
146.70.51.34,us-fl.securetunnels.net,2024-11-17 19:39:00,2025-03-22 20:22:22
146.70.51.42,us-fl.securetunnels.net,2024-11-17 19:39:00,2025-03-22 20:22:22
146.70.51.50,us-fl.securetunnels.net,2024-11-17 19:39:00,2025-03-22 20:22:22
146.70.51.58,us-fl.securetunnels.net,2024-11-17 19:39:00,2025-03-22 20:22:22
146.70.51.66,us-fl.securetunnels.net,2024-11-17 19:39:00,2025-03-22 20:22:22
146.70.51.74,us-fl.securetunnels.net,2024-11-17 19:39:00,2025-03-22 20:22:22
146.70.51.82,us-fl.securetunnels.net,2024-11-17 19:39:00,2025-03-22 20:22:22
146.70.51.90,us-fl.securetunnels.net,2024-11-17 19:39:00,2025-03-22 20:22:22
146.70.51.98,us-fl.securetunnels.net,2024-11-17 19:39:00,2025-03-22 20:22:22
206.189.53.79,ger.secretgate.net,2024-11-17 19:39:00,2025-03-17 22:22:10
206.189.53.95,ger.secretgate.net,2024-11-17 19:39:00,2025-03-22 20:22:22
123.253.91.10,us-hou.torguard.org,2024-11-17 19:39:00,2025-03-22 20:22:22
123.253.91.18,us-hou.torguard.org,2024-11-17 19:39:00,2025-03-22 20:22:22
123.253.91.2,us-hou.torguard.org,2024-11-17 19:39:00,2025-03-22 20:22:22
123.253.91.26,us-hou.torguard.org,2024-11-17 19:39:00,2025-03-22 20:22:22
146.70.83.130,uk.securetunnels.net,2024-11-17 19:39:00,2025-03-22 20:22:22
146.70.83.146,uk.securetunnels.net,2024-11-17 19:39:00,2025-03-22 20:22:22
146.70.83.154,uk.securetunnels.net,2024-11-17 19:39:00,2025-03-22 20:22:22
146.70.83.162,uk.securetunnels.net,2024-11-17 19:39:00,2025-03-22 20:22:22
146.70.83.170,uk.securetunnels.net,2024-11-17 19:39:00,2025-03-22 20:22:22
146.70.83.178,uk.securetunnels.net,2024-11-17 19:39:00,2025-03-22 20:22:22
146.70.83.186,uk.securetunnels.net,2024-11-17 19:39:00,2025-03-22 20:22:22
146.70.83.194,uk.securetunnels.net,2024-11-17 19:39:00,2025-03-22 20:22:22
146.70.83.202,uk.securetunnels.net,2024-11-17 19:39:00,2025-03-22 20:22:22
146.70.83.210,uk.securetunnels.net,2024-11-17 19:39:00,2025-03-22 20:22:22
146.70.83.218,uk.securetunnels.net,2024-11-17 19:39:00,2025-03-22 20:22:22
146.70.83.226,uk.securetunnels.net,2024-11-17 19:39:00,2025-03-22 20:22:22
146.70.83.234,uk.securetunnels.net,2024-11-17 19:39:00,2025-03-22 20:22:22
146.70.83.242,uk.securetunnels.net,2024-11-17 19:39:00,2025-03-22 20:22:22
146.70.83.250,uk.securetunnels.net,2024-11-17 19:39:00,2025-03-22 20:22:22
146.70.95.34,uk.securetunnels.net,2024-11-17 19:39:00,2024-12-04 04:27:28
146.70.95.42,uk.securetunnels.net,2024-11-17 19:39:00,2024-12-04 04:27:28
146.70.95.50,uk.securetunnels.net,2024-11-17 19:39:00,2024-12-04 04:27:28
146.70.95.58,uk.securetunnels.net,2024-11-17 19:39:00,2024-12-04 04:27:28
146.70.95.66,uk.securetunnels.net,2024-11-17 19:39:00,2024-12-04 04:27:28
185.253.98.42,uk.securetunnels.net,2024-11-17 19:39:00,2025-03-22 20:22:22
37.120.198.162,uk.securetunnels.net,2024-11-17 19:39:00,2025-03-22 20:22:22
185.242.5.162,us-lv.torguard.org,2024-11-17 19:39:00,2025-03-22 20:22:22
185.242.5.170,us-lv.torguard.org,2024-11-17 19:39:00,2025-03-22 20:22:22
185.242.5.178,us-lv.torguard.org,2024-11-17 19:39:00,2025-03-22 20:22:22
185.242.5.186,us-lv.torguard.org,2024-11-17 19:39:00,2025-03-22 20:22:22
185.242.5.66,us-lv.torguard.org,2024-11-17 19:39:00,2025-03-22 20:22:22
185.242.5.74,us-lv.torguard.org,2024-11-17 19:39:00,2025-03-22 20:22:22
185.242.5.82,us-lv.torguard.org,2024-11-17 19:39:00,2025-03-22 20:22:22
185.242.5.90,us-lv.torguard.org,2024-11-17 19:39:00,2025-03-22 20:22:22
37.120.147.234,us-lv.torguard.org,2024-11-17 19:39:00,2025-03-22 20:22:22
37.120.147.242,us-lv.torguard.org,2024-11-17 19:39:00,2025-03-22 20:22:22
37.120.147.250,us-lv.torguard.org,2024-11-17 19:39:00,2025-03-22 20:22:22
45.89.173.106,us-lv.torguard.org,2024-11-17 19:39:00,2025-03-22 20:22:22
45.89.173.114,us-lv.torguard.org,2024-11-17 19:39:00,2025-03-22 20:22:22
45.89.173.122,us-lv.torguard.org,2024-11-17 19:39:00,2025-03-22 20:22:22
45.89.173.162,us-lv.torguard.org,2024-11-17 19:39:00,2025-03-22 20:22:22
45.89.173.98,us-lv.torguard.org,2024-11-17 19:39:00,2025-03-22 20:22:22
95.111.216.165,au.secretgate.net,2024-11-17 19:39:00,2025-03-22 20:22:22
95.111.216.215,au.secretgate.net,2024-11-17 19:39:00,2025-03-22 20:22:22
5.253.204.58,lux.torguard.org,2024-11-17 19:39:00,2025-03-22 20:22:22
5.253.204.66,lux.torguard.org,2024-11-17 19:39:00,2025-03-22 20:22:22
5.253.204.74,lux.torguard.org,2024-11-17 19:39:00,2025-03-22 20:22:22
5.253.204.82,lux.torguard.org,2024-11-17 19:39:00,2025-03-22 20:22:22
143.198.101.109,us-sf.torguard.org,2024-11-17 19:39:00,2025-03-22 20:22:22
167.99.103.222,us-sf.torguard.org,2024-11-17 19:39:00,2025-03-22 20:22:22
167.99.109.166,us-sf.torguard.org,2024-11-17 19:39:00,2025-03-17 22:22:10
167.99.163.123,us-sf.torguard.org,2024-11-17 19:39:00,2025-03-17 22:22:10
167.99.171.156,us-sf.torguard.org,2024-11-17 19:39:00,2025-03-22 20:22:22
206.189.169.41,us-sf.torguard.org,2024-11-17 19:39:00,2025-03-22 20:22:22
206.189.208.113,us-sf.torguard.org,2024-11-17 19:39:00,2025-03-22 20:22:22
206.189.208.52,us-sf.torguard.org,2024-11-17 19:39:00,2025-03-22 20:22:22
206.189.214.46,us-sf.torguard.org,2024-11-17 19:39:00,2025-03-22 20:22:22
206.189.214.52,us-sf.torguard.org,2024-11-17 19:39:00,2025-03-22 20:22:22
206.189.218.112,us-sf.torguard.org,2024-11-17 19:39:00,2025-03-22 20:22:22
206.189.218.114,us-sf.torguard.org,2024-11-17 19:39:00,2025-03-22 20:22:22
206.189.218.238,us-sf.torguard.org,2024-11-17 19:39:00,2025-03-22 20:22:22
206.189.64.126,us-sf.torguard.org,2024-11-17 19:39:00,2025-03-22 20:22:22
206.189.64.78,us-sf.torguard.org,2024-11-17 19:39:00,2025-03-17 22:22:10
37.120.158.138,fr.torguard.org,2024-11-17 19:39:00,2025-03-22 20:22:22
93.177.75.10,fr.torguard.org,2024-11-17 19:39:00,2025-03-22 20:22:22
93.177.75.106,fr.torguard.org,2024-11-17 19:39:00,2025-03-22 20:22:22
93.177.75.114,fr.torguard.org,2024-11-17 19:39:00,2025-03-17 22:22:10
93.177.75.122,fr.torguard.org,2024-11-17 19:39:00,2024-12-04 04:27:28
93.177.75.130,fr.torguard.org,2024-11-17 19:39:00,2025-03-22 20:22:22
93.177.75.138,fr.torguard.org,2024-11-17 19:39:00,2025-03-22 20:22:22
93.177.75.146,fr.torguard.org,2024-11-17 19:39:00,2025-03-22 20:22:22
93.177.75.154,fr.torguard.org,2024-11-17 19:39:00,2025-03-22 20:22:22
93.177.75.162,fr.torguard.org,2024-11-17 19:39:00,2025-03-22 20:22:22
93.177.75.2,fr.torguard.org,2024-11-17 19:39:00,2025-03-22 20:22:22
93.177.75.202,fr.torguard.org,2024-11-17 19:39:00,2025-03-22 20:22:22
93.177.75.218,fr.torguard.org,2024-11-17 19:39:00,2025-03-17 22:22:10
93.177.75.26,fr.torguard.org,2024-11-17 19:39:00,2024-12-04 04:27:28
93.177.75.34,fr.torguard.org,2024-11-17 19:39:00,2025-03-22 20:22:22
93.177.75.42,fr.torguard.org,2024-11-17 19:39:00,2024-12-04 04:27:28
93.177.75.50,fr.torguard.org,2024-11-17 19:39:00,2025-03-22 20:22:22
93.177.75.58,fr.torguard.org,2024-11-17 19:39:00,2025-03-22 20:22:22
93.177.75.66,fr.torguard.org,2024-11-17 19:39:00,2025-03-22 20:22:22
93.177.75.74,fr.torguard.org,2024-11-17 19:39:00,2025-03-22 20:22:22
93.177.75.90,fr.torguard.org,2024-11-17 19:39:00,2025-03-22 20:22:22
93.177.75.98,fr.torguard.org,2024-11-17 19:39:00,2024-12-04 04:27:28
193.37.255.122,slk.securetunnels.net,2024-11-17 19:39:00,2025-03-22 20:22:22
193.37.255.130,slk.securetunnels.net,2024-11-17 19:39:00,2025-03-22 20:22:22
193.37.255.138,slk.securetunnels.net,2024-11-17 19:39:00,2025-03-22 20:22:22
193.37.255.146,slk.securetunnels.net,2024-11-17 19:39:00,2025-03-22 20:22:22
193.37.255.162,slk.securetunnels.net,2024-11-17 19:39:00,2024-12-04 04:27:28
188.213.34.50,middleeast.torguard.org,2024-11-17 19:39:00,2025-03-22 20:22:22
188.213.34.58,middleeast.torguard.org,2024-11-17 19:39:00,2025-03-22 20:22:22
206.217.216.10,nl2.securetunnels.net,2024-11-17 19:39:00,2025-03-17 22:22:10
206.217.216.11,nl2.securetunnels.net,2024-11-17 19:39:00,2025-03-17 22:22:10
206.217.216.12,nl2.securetunnels.net,2024-11-17 19:39:00,2025-03-17 22:22:10
206.217.216.13,nl2.securetunnels.net,2024-11-17 19:39:00,2025-03-17 22:22:10
206.217.216.14,nl2.securetunnels.net,2024-11-17 19:39:00,2025-03-17 22:22:10
206.217.216.15,nl2.securetunnels.net,2024-11-17 19:39:00,2025-03-17 22:22:10
206.217.216.16,nl2.securetunnels.net,2024-11-17 19:39:00,2025-03-17 22:22:10
206.217.216.17,nl2.securetunnels.net,2024-11-17 19:39:00,2025-03-17 22:22:10
206.217.216.18,nl2.securetunnels.net,2024-11-17 19:39:00,2025-03-17 22:22:10
206.217.216.19,nl2.securetunnels.net,2024-11-17 19:39:00,2025-03-17 22:22:10
206.217.216.20,nl2.securetunnels.net,2024-11-17 19:39:00,2025-03-17 22:22:10
206.217.216.21,nl2.securetunnels.net,2024-11-17 19:39:00,2025-03-17 22:22:10
206.217.216.22,nl2.securetunnels.net,2024-11-17 19:39:00,2025-03-17 22:22:10
206.217.216.23,nl2.securetunnels.net,2024-11-17 19:39:00,2025-03-17 22:22:10
206.217.216.24,nl2.securetunnels.net,2024-11-17 19:39:00,2025-03-17 22:22:10
206.217.216.25,nl2.securetunnels.net,2024-11-17 19:39:00,2025-03-17 22:22:10
206.217.216.26,nl2.securetunnels.net,2024-11-17 19:39:00,2025-03-17 22:22:10
206.217.216.27,nl2.securetunnels.net,2024-11-17 19:39:00,2025-03-17 22:22:10
206.217.216.28,nl2.securetunnels.net,2024-11-17 19:39:00,2025-03-17 22:22:10
206.217.216.3,nl2.securetunnels.net,2024-11-17 19:39:00,2025-03-17 22:22:10
206.217.216.4,nl2.securetunnels.net,2024-11-17 19:39:00,2024-12-04 04:27:28
206.217.216.6,nl2.securetunnels.net,2024-11-17 19:39:00,2025-03-17 22:22:10
206.217.216.7,nl2.securetunnels.net,2024-11-17 19:39:00,2025-03-17 22:22:10
206.217.216.8,nl2.securetunnels.net,2024-11-17 19:39:00,2024-12-04 04:27:28
206.217.216.9,nl2.securetunnels.net,2024-11-17 19:39:00,2025-03-17 22:22:10
146.70.34.10,us-nj.securetunnels.net,2024-11-17 19:39:00,2025-03-22 20:22:22
146.70.34.106,us-nj.securetunnels.net,2024-11-17 19:39:00,2025-03-22 20:22:22
146.70.34.114,us-nj.securetunnels.net,2024-11-17 19:39:00,2025-03-17 22:22:10
146.70.34.122,us-nj.securetunnels.net,2024-11-17 19:39:00,2025-03-22 20:22:22
146.70.34.130,us-nj.securetunnels.net,2024-11-17 19:39:00,2025-03-22 20:22:22
146.70.34.138,us-nj.securetunnels.net,2024-11-17 19:39:00,2025-03-22 20:22:22
146.70.34.146,us-nj.securetunnels.net,2024-11-17 19:39:00,2025-03-22 20:22:22
146.70.34.154,us-nj.securetunnels.net,2024-11-17 19:39:00,2025-03-17 22:22:10
146.70.34.162,us-nj.securetunnels.net,2024-11-17 19:39:00,2025-03-22 20:22:22
146.70.34.170,us-nj.securetunnels.net,2024-11-17 19:39:00,2025-03-22 20:22:22
146.70.34.178,us-nj.securetunnels.net,2024-11-17 19:39:00,2025-03-22 20:22:22
146.70.34.18,us-nj.securetunnels.net,2024-11-17 19:39:00,2025-03-22 20:22:22
146.70.34.186,us-nj.securetunnels.net,2024-11-17 19:39:00,2025-03-22 20:22:22
146.70.34.194,us-nj.securetunnels.net,2024-11-17 19:39:00,2025-03-22 20:22:22
146.70.34.2,us-nj.securetunnels.net,2024-11-17 19:39:00,2025-03-22 20:22:22
146.70.34.26,us-nj.securetunnels.net,2024-11-17 19:39:00,2025-03-22 20:22:22
146.70.34.34,us-nj.securetunnels.net,2024-11-17 19:39:00,2025-03-22 20:22:22
146.70.34.42,us-nj.securetunnels.net,2024-11-17 19:39:00,2025-03-17 22:22:10
146.70.34.50,us-nj.securetunnels.net,2024-11-17 19:39:00,2025-03-17 22:22:10
146.70.34.58,us-nj.securetunnels.net,2024-11-17 19:39:00,2025-03-22 20:22:22
146.70.34.66,us-nj.securetunnels.net,2024-11-17 19:39:00,2025-03-22 20:22:22
146.70.34.74,us-nj.securetunnels.net,2024-11-17 19:39:00,2025-03-17 22:22:10
146.70.34.82,us-nj.securetunnels.net,2024-11-17 19:39:00,2025-03-17 22:22:10
146.70.34.90,us-nj.securetunnels.net,2024-11-17 19:39:00,2025-03-22 20:22:22
146.70.34.98,us-nj.securetunnels.net,2024-11-17 19:39:00,2025-03-22 20:22:22
185.247.69.130,ru.securetunnels.net,2024-11-17 19:39:00,2025-03-22 20:22:22
185.247.69.194,ru.securetunnels.net,2024-11-17 19:39:00,2025-03-22 20:22:22
185.247.69.2,ru.securetunnels.net,2024-11-17 19:39:00,2025-03-22 20:22:22
185.247.69.66,ru.securetunnels.net,2024-11-17 19:39:00,2025-03-22 20:22:22
31.40.212.130,ar.securetunnels.net,2024-11-17 19:39:00,2025-03-22 20:22:22
31.40.212.136,ar.securetunnels.net,2024-11-17 19:39:00,2025-03-22 20:22:22
31.40.212.154,ar.securetunnels.net,2024-11-17 19:39:00,2025-03-22 20:22:22
31.40.212.42,ar.securetunnels.net,2024-11-17 19:39:00,2025-03-22 20:22:22
146.70.57.10,us-atl.securetunnels.net,2024-11-17 19:39:00,2025-03-22 20:22:22
146.70.57.18,us-atl.securetunnels.net,2024-11-17 19:39:00,2025-03-22 20:22:22
146.70.57.2,us-atl.securetunnels.net,2024-11-17 19:39:00,2025-03-22 20:22:22
146.70.57.26,us-atl.securetunnels.net,2024-11-17 19:39:00,2025-03-22 20:22:22
146.70.57.34,us-atl.securetunnels.net,2024-11-17 19:39:00,2025-03-22 20:22:22
146.70.57.42,us-atl.securetunnels.net,2024-11-17 19:39:00,2025-03-22 20:22:22
146.70.57.50,us-atl.securetunnels.net,2024-11-17 19:39:00,2025-03-22 20:22:22
146.70.57.58,us-atl.securetunnels.net,2024-11-17 19:39:00,2025-03-22 20:22:22
146.70.57.66,us-atl.securetunnels.net,2024-11-17 19:39:00,2025-03-22 20:22:22
146.70.57.74,us-atl.securetunnels.net,2024-11-17 19:39:00,2025-03-22 20:22:22
64.44.83.130,us-den.torguard.org,2024-11-17 19:39:00,2025-03-22 20:22:22
64.44.83.138,us-den.torguard.org,2024-11-17 19:39:00,2025-03-22 20:22:22
77.81.139.58,ire.torguard.org,2024-11-17 19:39:00,2025-03-17 22:22:10
77.81.139.66,ire.torguard.org,2024-11-17 19:39:00,2025-03-22 20:22:22
77.81.139.74,ire.torguard.org,2024-11-17 19:39:00,2025-03-22 20:22:22
77.81.139.82,ire.torguard.org,2024-11-17 19:39:00,2025-03-22 20:22:22
77.81.139.90,ire.torguard.org,2024-11-17 19:39:00,2024-12-04 04:27:28
192.145.124.174,sp.torguard.org,2024-11-17 19:39:00,2024-12-04 04:27:28
192.145.124.186,sp.torguard.org,2024-11-17 19:39:00,2024-12-04 04:27:28
192.145.124.190,sp.torguard.org,2024-11-17 19:39:00,2024-12-04 04:27:28
192.145.124.226,sp.torguard.org,2024-11-17 19:39:00,2025-03-22 20:22:22
192.145.124.230,sp.torguard.org,2024-11-17 19:39:00,2025-03-22 20:22:22
192.145.124.234,sp.torguard.org,2024-11-17 19:39:00,2025-03-22 20:22:22
192.145.124.238,sp.torguard.org,2024-11-17 19:39:00,2024-12-04 04:27:28
192.145.124.242,sp.torguard.org,2024-11-17 19:39:00,2025-03-22 20:22:22
89.238.178.206,sp.torguard.org,2024-11-17 19:39:00,2025-03-22 20:22:22
89.238.178.234,sp.torguard.org,2024-11-17 19:39:00,2025-03-22 20:22:22
31.40.212.70,ar.torguard.org,2024-11-17 19:39:00,2025-03-22 20:22:22
31.40.212.88,ar.torguard.org,2024-11-17 19:39:00,2025-03-22 20:22:22
146.70.54.90,serbia.securetunnels.net,2024-11-17 19:39:00,2025-03-22 20:22:22
146.70.54.98,serbia.securetunnels.net,2024-11-17 19:39:00,2024-12-04 04:27:28
167.99.116.164,ny.usa.secretgate.net,2024-11-17 19:39:00,2025-03-22 20:22:22
167.99.124.17,ny.usa.secretgate.net,2024-11-17 19:39:00,2025-03-17 22:22:10
103.252.116.135,hk.secretgate.net,2024-11-17 19:39:00,2025-03-22 20:22:22
103.252.116.177,hk.secretgate.net,2024-11-17 19:39:00,2025-03-22 20:22:22
177.54.156.54,br2.securetunnels.net,2024-11-17 19:39:00,2025-03-22 20:22:22
194.28.172.172,ukr.securetunnels.net,2024-11-17 19:39:00,2025-03-22 20:22:22
194.28.172.81,ukr.securetunnels.net,2024-11-17 19:39:00,2024-12-04 04:27:28
178.175.138.18,md.torguard.org,2024-11-17 19:39:00,2025-03-22 20:22:22
167.88.15.50,us-chi.securetunnels.net,2024-11-17 19:39:00,2025-03-22 20:22:22
167.88.3.210,us-chi.securetunnels.net,2024-11-17 19:39:00,2025-03-22 20:22:22
45.128.36.130,us-chi.securetunnels.net,2024-11-17 19:39:00,2025-03-22 20:22:22
45.128.36.138,us-chi.securetunnels.net,2024-11-17 19:39:00,2025-03-22 20:22:22
45.128.36.146,us-chi.securetunnels.net,2024-11-17 19:39:00,2025-03-22 20:22:22
45.128.36.154,us-chi.securetunnels.net,2024-11-17 19:39:00,2025-03-22 20:22:22
45.128.36.162,us-chi.securetunnels.net,2024-11-17 19:39:00,2025-03-22 20:22:22
45.128.36.170,us-chi.securetunnels.net,2024-11-17 19:39:00,2025-03-22 20:22:22
45.128.36.178,us-chi.securetunnels.net,2024-11-17 19:39:00,2025-03-22 20:22:22
45.128.36.186,us-chi.securetunnels.net,2024-11-17 19:39:00,2025-03-22 20:22:22
45.128.36.194,us-chi.securetunnels.net,2024-11-17 19:39:00,2025-03-22 20:22:22
45.128.36.202,us-chi.securetunnels.net,2024-11-17 19:39:00,2025-03-22 20:22:22
64.44.140.250,us-chi.securetunnels.net,2024-11-17 19:39:00,2025-03-22 20:22:22
64.44.63.98,us-chi.securetunnels.net,2024-11-17 19:39:00,2025-03-22 20:22:22
139.59.18.194,id.secretgate.net,2024-11-17 19:39:00,2025-03-17 22:22:10
139.59.35.177,id.secretgate.net,2024-11-17 19:39:00,2025-03-22 20:22:22
51.91.76.201,fr.secretgate.net,2024-11-17 19:39:00,2025-03-22 20:22:22
51.91.9.160,fr.secretgate.net,2024-11-17 19:39:00,2025-03-22 20:22:22
103.108.94.50,nz.torguard.org,2024-11-17 19:39:00,2025-03-22 20:22:22
103.108.94.58,nz.torguard.org,2024-11-17 19:39:00,2025-03-22 20:22:22
103.231.90.10,nz.torguard.org,2024-11-17 19:39:00,2025-03-22 20:22:22
103.231.90.18,nz.torguard.org,2024-11-17 19:39:00,2025-03-22 20:22:22
103.231.90.2,nz.torguard.org,2024-11-17 19:39:00,2025-03-22 20:22:22
103.231.90.202,nz.torguard.org,2024-11-17 19:39:00,2025-03-22 20:22:22
103.231.90.26,nz.torguard.org,2024-11-17 19:39:00,2025-03-22 20:22:22
103.231.90.34,nz.torguard.org,2024-11-17 19:39:00,2025-03-22 20:22:22
103.231.90.42,nz.torguard.org,2024-11-17 19:39:00,2025-03-22 20:22:22
94.237.106.118,fn.secretgate.net,2024-11-17 19:39:00,2025-03-22 20:22:22
94.237.13.100,fn.secretgate.net,2024-11-17 19:39:00,2025-03-22 20:22:22
93.177.73.106,ger.securetunnels.net,2024-11-17 19:39:00,2025-03-22 20:22:22
93.177.73.114,ger.securetunnels.net,2024-11-17 19:39:00,2025-03-22 20:22:22
93.177.73.122,ger.securetunnels.net,2024-11-17 19:39:00,2025-03-22 20:22:22
93.177.73.130,ger.securetunnels.net,2024-11-17 19:39:00,2025-03-22 20:22:22
93.177.73.138,ger.securetunnels.net,2024-11-17 19:39:00,2025-03-22 20:22:22
93.177.73.146,ger.securetunnels.net,2024-11-17 19:39:00,2025-03-22 20:22:22
93.177.73.154,ger.securetunnels.net,2024-11-17 19:39:00,2025-03-22 20:22:22
93.177.73.194,ger.securetunnels.net,2024-11-17 19:39:00,2025-03-22 20:22:22
93.177.73.202,ger.securetunnels.net,2024-11-17 19:39:00,2025-03-22 20:22:22
93.177.73.210,ger.securetunnels.net,2024-11-17 19:39:00,2025-03-22 20:22:22
93.177.73.218,ger.securetunnels.net,2024-11-17 19:39:00,2025-03-22 20:22:22
93.177.73.226,ger.securetunnels.net,2024-11-17 19:39:00,2025-03-22 20:22:22
93.177.73.234,ger.securetunnels.net,2024-11-17 19:39:00,2025-03-22 20:22:22
93.177.73.66,ger.securetunnels.net,2024-11-17 19:39:00,2025-03-22 20:22:22
93.177.73.74,ger.securetunnels.net,2024-11-17 19:39:00,2025-03-22 20:22:22
93.177.73.82,ger.securetunnels.net,2024-11-17 19:39:00,2025-03-22 20:22:22
93.177.73.90,ger.securetunnels.net,2024-11-17 19:39:00,2025-03-22 20:22:22
93.177.73.98,ger.securetunnels.net,2024-11-17 19:39:00,2025-03-22 20:22:22
178.128.87.36,sg.secretgate.net,2024-11-17 19:39:00,2025-03-22 20:22:22
178.128.91.139,sg.secretgate.net,2024-11-17 19:39:00,2025-03-17 22:22:10
94.237.64.134,sg.secretgate.net,2024-11-17 19:39:00,2025-03-17 22:22:10
94.237.65.150,sg.secretgate.net,2024-11-17 19:39:00,2025-03-17 22:22:10
94.237.66.209,sg.secretgate.net,2024-11-17 19:39:00,2025-03-17 22:22:10
94.237.67.137,sg.secretgate.net,2024-11-17 19:39:00,2025-03-17 22:22:10
94.237.67.252,sg.secretgate.net,2024-11-17 19:39:00,2025-03-17 22:22:10
95.111.200.255,sg.secretgate.net,2024-11-17 19:39:00,2025-03-17 22:22:10
95.111.201.120,sg.secretgate.net,2024-11-17 19:39:00,2025-03-17 22:22:10
95.111.202.2,sg.secretgate.net,2024-11-17 19:39:00,2025-03-17 22:22:10
95.111.202.208,sg.secretgate.net,2024-11-17 19:39:00,2025-03-17 22:22:10
95.111.202.234,sg.secretgate.net,2024-11-17 19:39:00,2025-03-17 22:22:10
95.111.203.46,sg.secretgate.net,2024-11-17 19:39:00,2025-03-17 22:22:10
96.44.173.202,la.usa.secretgate.net,2024-11-17 19:39:00,2025-03-22 20:22:22
96.44.183.186,la.usa.secretgate.net,2024-11-17 19:39:00,2025-03-22 20:22:22
96.44.184.42,la.usa.secretgate.net,2024-11-17 19:39:00,2025-03-22 20:22:22
178.128.242.90,nl.secretgate.net,2024-11-17 19:39:00,2025-03-17 22:22:10
178.128.242.95,nl.secretgate.net,2024-11-17 19:39:00,2025-03-22 20:22:22
64.44.83.154,us-den.securetunnels.net,2024-11-17 19:39:00,2025-03-22 20:22:22
64.44.83.66,us-den.securetunnels.net,2024-11-17 19:39:00,2025-03-22 20:22:22
194.28.172.173,ukr.securetunnels.net,2024-12-04 05:22:09,2025-03-22 20:22:22
165.73.242.106,sa.securetunnels.net,2025-01-20 05:20:17,2025-03-22 20:22:22
165.73.242.98,sa.securetunnels.net,2025-01-20 05:20:17,2025-03-22 20:22:22
51.254.84.142,fr.secretgate.net,2025-03-17 23:21:11,2025-03-22 20:22:22
51.254.84.192,fr.secretgate.net,2025-03-17 23:21:11,2025-03-22 20:22:22
51.91.77.172,fr.secretgate.net,2025-03-17 23:21:11,2025-03-22 20:22:22
38.54.2.245,bh.securetunnels.net,2025-03-17 23:21:11,2025-03-22 20:22:22
208.115.247.162,us-slc.torguard.org,2025-03-17 23:21:11,2025-03-22 20:22:22
208.115.249.77,us-slc.torguard.org,2025-03-17 23:21:11,2025-03-22 20:22:22
208.115.249.81,us-slc.torguard.org,2025-03-17 23:21:11,2025-03-22 20:22:22
208.115.249.89,us-slc.torguard.org,2025-03-17 23:21:11,2025-03-22 20:22:22
24.152.37.60,br2.securetunnels.net,2025-03-17 23:21:11,2025-03-22 20:22:22
134.195.197.77,cavan.securetunnels.net,2025-03-17 23:21:11,2025-03-22 20:22:22
38.96.254.100,cavan.securetunnels.net,2025-03-17 23:21:11,2025-03-22 20:22:22
38.96.254.73,cavan.securetunnels.net,2025-03-17 23:21:11,2025-03-22 20:22:22
139.28.217.178,nl2.securetunnels.net,2025-03-17 23:21:11,2025-03-22 20:22:22
139.28.217.186,nl2.securetunnels.net,2025-03-17 23:21:11,2025-03-22 20:22:22
139.28.217.210,nl2.securetunnels.net,2025-03-17 23:21:11,2025-03-22 20:22:22
139.28.217.218,nl2.securetunnels.net,2025-03-17 23:21:11,2025-03-22 20:22:22
139.28.217.242,nl2.securetunnels.net,2025-03-17 23:21:11,2025-03-22 20:22:22
139.28.217.82,nl2.securetunnels.net,2025-03-17 23:21:11,2025-03-22 20:22:22
37.120.238.130,nl2.securetunnels.net,2025-03-17 23:21:11,2025-03-22 20:22:22
77.243.189.162,nl2.securetunnels.net,2025-03-17 23:21:11,2025-03-22 20:22:22
77.243.189.194,nl2.securetunnels.net,2025-03-17 23:21:11,2025-03-22 20:22:22
77.243.189.234,nl2.securetunnels.net,2025-03-17 23:21:11,2025-03-22 20:22:22
86.106.20.98,nl2.securetunnels.net,2025-03-17 23:21:11,2025-03-22 20:22:22
95.174.67.130,nl2.securetunnels.net,2025-03-17 23:21:11,2025-03-22 20:22:22
95.174.67.138,nl2.securetunnels.net,2025-03-17 23:21:11,2025-03-22 20:22:22
95.174.67.90,nl2.securetunnels.net,2025-03-17 23:21:11,2025-03-22 20:22:22
146.70.115.218,us-ny.torguard.org,2025-03-17 23:21:11,2025-03-22 20:22:22
146.70.215.18,us-ny.torguard.org,2025-03-17 23:21:11,2025-03-22 20:22:22
146.70.215.26,us-ny.torguard.org,2025-03-17 23:21:11,2025-03-22 20:22:22
146.70.215.34,us-ny.torguard.org,2025-03-17 23:21:11,2025-03-22 20:22:22
146.70.215.42,us-ny.torguard.org,2025-03-17 23:21:11,2025-03-22 20:22:22
146.70.215.50,us-ny.torguard.org,2025-03-17 23:21:11,2025-03-22 20:22:22
146.70.215.58,us-ny.torguard.org,2025-03-17 23:21:11,2025-03-22 20:22:22
193.148.18.242,us-ny.torguard.org,2025-03-17 23:21:11,2025-03-22 20:22:22
107.175.82.106,us-sa.securetunnels.net,2025-03-17 23:21:11,2025-03-22 20:22:22
107.175.82.35,us-sa.securetunnels.net,2025-03-17 23:21:11,2025-03-22 20:22:22
107.175.82.7,us-sa.securetunnels.net,2025-03-17 23:21:11,2025-03-22 20:22:22
206.189.143.17,id.secretgate.net,2025-03-17 23:21:11,2025-03-22 20:22:22
